,mean_MSE,mean_ESS,Run_Time,Lost_tracks
matrix-PFF,0.6145521,,0.011316800000713556,0.0
scalar-PFF,0.6175725,,0.012684100000114995,0.0
