,mean_MSE,mean_ESS,Run_Time,Lost_tracks
matrix-PFF,3.4504077,,0.010623599999235012,0.0
scalar-PFF,3.4886043,,0.009124700000029407,0.0
