,mean_MSE,mean_ESS,Run_Time,Lost_tracks
matrix-PFF,0.742883,,0.010576900000160094,0.0
scalar-PFF,0.74303305,,0.011740299998564296,0.0
